{
    "61a6197e81d44": {
        "date": "2021-12-15",
        "time": "13:30",
        "capacity": "10",
        "users": [
            "para.zita@gmail.com"
        ],
        "id": "61a6197e81d44"
    },
    "61a619969eb76": {
        "date": "2021-12-08",
        "time": "14:00",
        "capacity": "12",
        "users": [],
        "id": "61a619969eb76"
    },
    "61a619b213a1e": {
        "date": "2021-12-08",
        "time": "09:45",
        "capacity": "2",
        "users": {
            "1": "beta@gmail.com",
            "2": "alfa@gmail.com"
        },
        "id": "61a619b213a1e"
    },
    "61a619d460260": {
        "date": "2021-12-11",
        "time": "17:32",
        "capacity": "6",
        "users": [],
        "id": "61a619d460260"
    },
    "61a619e911ca1": {
        "date": "2021-12-17",
        "time": "14:32",
        "capacity": "5",
        "users": [],
        "id": "61a619e911ca1"
    },
    "61a619fb8f43b": {
        "date": "2022-01-05",
        "time": "13:32",
        "capacity": "5",
        "users": [],
        "id": "61a619fb8f43b"
    },
    "61a61a0519faf": {
        "date": "2021-12-09",
        "time": "13:35",
        "capacity": "5",
        "users": [],
        "id": "61a61a0519faf"
    },
    "61a61a0d94d23": {
        "date": "2021-12-11",
        "time": "13:35",
        "capacity": "5",
        "users": [],
        "id": "61a61a0d94d23"
    },
    "61a61a20eb14b": {
        "date": "2022-01-20",
        "time": "13:35",
        "capacity": "10",
        "users": [],
        "id": "61a61a20eb14b"
    },
    "61a61a2c0fd55": {
        "date": "2022-01-12",
        "time": "14:35",
        "capacity": "6",
        "users": [],
        "id": "61a61a2c0fd55"
    },
    "61a61a39bdf7a": {
        "date": "2022-01-04",
        "time": "17:35",
        "capacity": "20",
        "users": [],
        "id": "61a61a39bdf7a"
    },
    "61a61a6025628": {
        "date": "2022-02-02",
        "time": "13:37",
        "capacity": "5",
        "users": [],
        "id": "61a61a6025628"
    },
    "61a61a72772b3": {
        "date": "2022-02-10",
        "time": "10:00",
        "capacity": "4",
        "users": [],
        "id": "61a61a72772b3"
    },
    "61a61a8095383": {
        "date": "2022-02-15",
        "time": "10:15",
        "capacity": "5",
        "users": [],
        "id": "61a61a8095383"
    },
    "61a61a9258096": {
        "date": "2022-02-25",
        "time": "15:30",
        "capacity": "8",
        "users": [],
        "id": "61a61a9258096"
    }
}